{
  "project_info": {
    "project_number": "4351196164",
    "project_id": "koreanrestaurantapp",
    "storage_bucket": "koreanrestaurantapp.appspot.com"
  },
  "client": [
    {
      "client_info": {
        "mobilesdk_app_id": "1:4351196164:android:54a8fdee9a4a0fa4f78951",
        "android_client_info": {
          "package_name": "com.example.koreanrestaurantapp"
        }
      },
      "oauth_client": [
        {
          "client_id": "4351196164-u6ovaas03ncijnfb1k2rr9hdqpub8hs0.apps.googleusercontent.com",
          "client_type": 3
        }
      ],
      "api_key": [
        {
          "current_key": "AIzaSyDEsIqBx0iBuk9m_p-__BEaVrtu0IwEe1g"
        }
      ],
      "services": {
        "appinvite_service": {
          "other_platform_oauth_client": [
            {
              "client_id": "4351196164-u6ovaas03ncijnfb1k2rr9hdqpub8hs0.apps.googleusercontent.com",
              "client_type": 3
            }
          ]
        }
      }
    }
  ],
  "configuration_version": "1"
}